job_id,commit,event_kind,role,aggregate_allowed,status,last_valid_stage,reason,clean_worktree,recorded_status,effective_status,failure_step,workflow_rc,child_rc,algorithm_launched,primary_measurement_valid,primary_target_met,valid_subresult_scope,downstream_not_run,formal_failure_evidence_allowed,evidence_completeness,final_performance_aggregate_allowed,base_head,termination_note
38227,c0bc9ca8171ccb4012bf4bbbb1e6771f4161b4a6,FORMAL_WORKFLOW_ATTEMPT,historical_job_a_attempt,False,INVALID_PRE_SAMPLING,build_pair,source provenance gate treated non-semantic tar mode differences as source changes; no GPU samples were taken,True,FAILED,FAILED_PRE_SAMPLING,01_primary,1,1,False,,,pair_build_only,02-05;JobB,True,full_formal_failure_directory,False,,
38238,7cd563caaac7749521f833187ebd0b1f959b3388,FORMAL_WORKFLOW_ATTEMPT,historical_job_a_attempt,False,INVALID_PARTIAL_PRIMARY,primary_round_0,BNUM=16 primary round 1 failed with CUDA 719 after warmup; the complete batch is invalid despite valid round-0 diagnostics,True,FAILED,FAILED_PARTIAL_PRIMARY,01_primary,1,2,True,False,,round0_diagnostic_only,02-05;JobB,True,full_formal_failure_directory,False,,
38251,,EXPLORATORY_PRELAUNCH,dirty_bnum8_prelaunch,False,EXPLORATORY_PRELAUNCH_FAILURE,none,compute node could not see a login-node /tmp binary; rc=127 and the algorithm did not execute,False,FAILED,DIRTY_EXPLORATORY_PRELAUNCH_FAILURE,binary_visibility,127,127,False,,,none,all_queries,False,summary_only,False,7cd563caaac7749521f833187ebd0b1f959b3388,
38254,,EXPLORATORY_PREFREEZE_PROBE,dirty_bnum8_recovery_probe,False,EXPLORATORY_RECOVERY_PASS,18_query_probe,"three dirty-worktree dual-GPU processes completed 18 correct, conserving, no-wrap queries; engineering evidence only",False,COMPLETE,EXPLORATORY_RECOVERY_PASS,,0,0,True,,,18_query_bnum8_capacity_probe,formal_acceptance_not_applicable,False,compact_probe_logs_and_hashes,False,7cd563caaac7749521f833187ebd0b1f959b3388,
38271,ead2cdbac48baa3d1dc807a5a6647e3cbe68bc46,FORMAL_WORKFLOW_ATTEMPT,historical_job_a_attempt,False,INVALID_AFTER_PRIMARY,01_primary,"primary was valid below target, then final checks failed because the hard-coded /usr/local/cuda/bin/nvcc path was absent",True,FAILED,FAILED_AFTER_VALID_PRIMARY,02_final_checks,1,1,True,True,False,01_primary,03-05;JobB,True,full_formal_failure_directory,False,,
38280,a539b8a5c3b19b8bb11a5a7a7edcd1b2160680d9,FORMAL_WORKFLOW_ATTEMPT,historical_job_a_attempt,False,INVALID_AFTER_PRIMARY,01_primary,"primary was valid below target, then a mixed worktree/archive fixture compile included common.h twice",True,FAILED,FAILED_AFTER_VALID_PRIMARY,02_final_checks,1,1,True,True,False,01_primary,03-05;JobB,True,full_formal_failure_directory,False,,
38292,feb2d92b1e7d83f031c485795bde49693a9696b5,FORMAL_WORKFLOW_ATTEMPT,historical_job_a_attempt,False,CANCELLED_DURING_NUMERIC,02_final_checks,"numeric runner forced CUDA_LAUNCH_BLOCKING=1, the first single case timed out at 600 seconds, and the exact job was cancelled",True,RUNNING,CANCELLED_INCOMPLETE_AFTER_NUMERIC_FAILURE,03_numeric_add,,124,True,True,False,01_primary;02_final_checks,04-05;JobB,True,cancelled_directory_with_stale_running_status,False,,operator cancelled the exact job after the numeric timeout; an outer exit 143 was observed but is not present in the raw status file
38304,9dd69fa02777853537e8068e90996b0ee7cc4186,FORMAL_WORKFLOW_SUCCESS,accepted_formal_job_a,True,FORMAL_COMPLETE,all_required_stages,all required execution and measurement-validity gates passed; performance classification is VALID_BELOW_TARGET,True,COMPLETE,FORMAL_COMPLETE,,0,0,True,True,False,,,False,accepted_compact_formal_evidence,True,,
38305,9dd69fa02777853537e8068e90996b0ee7cc4186,FORMAL_WORKFLOW_SUCCESS,accepted_independent_confirmation,True,FORMAL_COMPLETE,primary_confirmation,all required execution and measurement-validity gates passed; performance classification is VALID_BELOW_TARGET,True,COMPLETE,FORMAL_COMPLETE,,0,0,True,True,False,,,False,accepted_compact_formal_evidence,True,,
